{"cameraMode":{"drawMode":0,"name":"Shaded","section":"Shading Mode"},"sceneLighting":true,"audioPlay":false,"sceneViewState":{"m_AlwaysRefresh":false,"showFog":false,"showSkybox":false,"showFlares":false,"showImageEffects":false,"showParticleSystems":false,"showVisualEffectGraphs":true,"m_FxEnabled":true},"in2DMode":false,"pivot":{"x":-0.313577800989151,"y":12.942636489868164,"z":3.311671018600464},"rotation":{"x":0.11147793382406235,"y":-0.04470343887805939,"z":0.005020048934966326,"w":0.9927496314048767},"size":3.6873831748962404,"orthographic":false}